L,オムレツ,https://oceans-nadia.com/user/100063/recipe/487905
L,オムライス,https://oceans-nadia.com/user/1114128/recipe/487098
L,フレンチトースト,https://oceans-nadia.com/user/153045/recipe/487728
L,インスタントラーメン,https://oceans-nadia.com/user/386014/recipe/485184
L,冷やし中華,https://oceans-nadia.com/user/386014/recipe/485604
L,ナポリタン,https://oceans-nadia.com/user/860418/recipe/487319
L,焼きそば,https://oceans-nadia.com/user/654099/recipe/487735
L,チャーハン,https://oceans-nadia.com/user/836829/recipe/488227
L,うどん,https://oceans-nadia.com/user/10743/recipe/488235
L,煮込みうどん,https://oceans-nadia.com/user/279721/recipe/479661
D,親子丼,https://oceans-nadia.com/user/836829/recipe/487067
D,カツ丼,https://oceans-nadia.com/user/95165/recipe/483224
D,照り焼きチキン丼,https://oceans-nadia.com/user/386014/recipe/468416
D,野菜炒め,https://oceans-nadia.com/user/743048/recipe/486856
D,カレーライス,https://oceans-nadia.com/user/778163/recipe/485994
D,ハンバーグ,https://oceans-nadia.com/user/12091/recipe/487803
D,鶏の照り焼き,https://oceans-nadia.com/user/113551/recipe/487079
D,豚の生姜焼き,https://oceans-nadia.com/user/675093/recipe/485429
D,グラタン,https://oceans-nadia.com/user/739440/recipe/488221
D,鍋料理,https://oceans-nadia.com/user/35229/recipe/483120
D,肉じゃが,https://oceans-nadia.com/user/1105952/recipe/487971
D,から揚げ,https://oceans-nadia.com/user/345627/recipe/488213
D,焼き魚,https://oceans-nadia.com/user/767530/recipe/481714
D,スパゲッティ,https://oceans-nadia.com/user/14762/recipe/487736
D,煮物,https://oceans-nadia.com/user/654099/recipe/487697
D,ピーマンの肉詰め,https://oceans-nadia.com/user/926951/recipe/487787
D,鶏肉のクリーム煮,https://oceans-nadia.com/user/45109/recipe/470823
D,かぼちゃの煮物,https://oceans-nadia.com/user/1013677/recipe/487369
D,豆腐ステーキ,https://oceans-nadia.com/user/64292/recipe/487904
D,天ぷら,https://oceans-nadia.com/user/386014/recipe/484789
D,さばの味噌煮,https://oceans-nadia.com/user/633885/recipe/486054
D,かつおのたたき,https://oceans-nadia.com/user/210130/recipe/483900
D,天津飯,https://oceans-nadia.com/user/658161/recipe/485568
D,麻婆豆腐,https://oceans-nadia.com/user/547898/recipe/487190
D,鮭のムニエル,https://oceans-nadia.com/user/778163/recipe/482022
